{"cameraMode":{"drawMode":0,"name":"Shaded","section":"Shading Mode"},"sceneLighting":false,"audioPlay":false,"sceneViewState":{"m_AlwaysRefresh":true,"showFog":true,"showSkybox":true,"showFlares":true,"showImageEffects":true,"showParticleSystems":true,"showVisualEffectGraphs":true,"m_FxEnabled":true},"in2DMode":false,"pivot":{"x":504.30169677734377,"y":848.9960327148438,"z":32.19419860839844},"rotation":{"x":-0.0007325390470214188,"y":0.9964104890823364,"z":-0.08420664817094803,"w":-0.008668038062751294},"size":728.8262939453125,"orthographic":false}